Workbook

Sheet Cover
B2: TaloNet — Bill of Materials & Procurement Package
B3: 그물매 net-interceptor drone + ForensIQ-1 forensic appliance
B5: HOW TO USE
B6: One sheet per subsystem. Disp = MAKE (garage) / BUY (off-the-shelf) / OUTSOURCE (CNC/PCB/finish) / TOOL (one-time shop). Ext USD = Qty x Unit (formula). 'Cost Roll-up' sums every sheet. Prices are INDICATIVE USD — confirm with the vendor before ordering.
B8: LEGEND
B9: MAKE — fabricate/assemble in the garage (3D print, net rigging, wiring)
B10: BUY — purchase off-the-shelf
B11: OUTSOURCE — send a drawing/gerber out (CNC carbon, PCB fab+assembly, anodize)
B12: TOOL — one-time shop equipment, not part of a single airframe cost
B14: TRACE
B15: Part numbers trace to docs/01 (drone spec), docs/06 (circuit BOM + pinout), docs/09 (appliance), and gcs/payload_map.py (servo channels). Build/assembly: docs/12_Garage_Build_Guide.md.
B17: SAFETY / LEGAL
... B20: Generated by tools/generate_bom.py — edit + re-run to update.

Sheet Drone — Airframe & Propulsion
A1: ID | B1: Category | C1: Item / Description | D1: Mfr / Part No. | E1: Qty | F1: Unit | G1: Disp | H1: Unit USD | I1: Ext USD | J1: Vendor | K1: Ref | L1: Notes
A2: DR-AF-001 | B2: Frame | C2: Hex carbon deck plate, 360 mm AF, 3 mm (top/bottom) | D2: TaloNet GM-DECK (CNC) | E2: 2 | F2: ea | G2: OUTSOURCE | H2: 130 | I2: =E2*H2 | J2: Local CNC shop | K2: cad | L2: From talonet_frame.scad; CF/G10, waterjet/CNC
A3: DR-AF-002 | B3: Frame | C3: Carbon arm tube 30x26 mm, 420 mm | D3: Rock West 30x26 | E3: 4 | F3: ea | G3: BUY | H3: 22 | I3: =E3*H3 | J3: Rock West Composites | K3: cad | L3: Roll-wrapped CF; X8 = 4 arms
A4: DR-AF-003 | B4: Frame | C4: Arm clamp + coaxial motor mount (alu 6061) | D4: TaloNet GM-MNT (CNC) | E4: 4 | F4: ea | G4: OUTSOURCE | H4: 38 | I4: =E4*H4 | J4: Local CNC shop | K4: cad | L4: Holds 2 coaxial motors/arm
A5: DR-AF-004 | B5: Frame | C5: Standoff/spacer set, alu, deck stack | D5: M3 alu standoff kit | E5: 1 | F5: kit | G5: BUY | H5: 18 | I5: =E5*H5 | J5: McMaster-Carr | K5: cad | L5: deck_gap 70 mm
A6: DR-AF-005 | B6: Landing | C6: Landing gear carbon arch tube 22 mm + alu feet | D6: TaloNet GM-GEAR | E6: 2 | F6: set | G6: OUTSOURCE | H6: 45 | I6: =E6*H6 | J6: Local CNC shop | K6: cad | L6: gear_height 230 mm
A7: DR-PR-001 | B7: Propulsion | C7: Brushless motor, 14 kg-class octo, ~KV120 | D7: T-Motor MN801S KV120 | E7: 8 | F7: ea | G7: BUY | H7: 175 | I7: =E7*H7 | J7: T-Motor | K7: docs/01 | L7: X8 coaxial; 8 motors total
A8: DR-PR-002 | B8: Propulsion | C8: Folding CF prop ~28-30 in (CW/CCW pair) | D8: T-Motor NS28x9.2 CF | E8: 8 | F8: ea | G8: BUY | H8: 46 | I8: =E8*H8 | J8: T-Motor | K8: cad | L8: prop_dia ~711 mm
A9: DR-PR-003 | B9: Propulsion | C9: ESC 80 A 12S HV, DShot600 + telemetry | D9: T-Motor FLAME 80A 12S | E9: 8 | F9: ea | G9: BUY | H9: 95 | I9: =E9*H9 | J9: T-Motor | K9: docs/06 | L9: 1 per motor
H10: SUBTOTAL | I10: =SUM(I2:I9)

Sheet Drone — Avionics, Power & C2
A1: ID | B1: Category | C1: Item / Description | D1: Mfr / Part No. | E1: Qty | F1: Unit | G1: Disp | H1: Unit USD | I1: Ext USD | J1: Vendor | K1: Ref | L1: Notes
A2: DR-AV-001 | B2: Flight ctrl | C2: Flight controller, triple-IMU + carrier | D2: CubePilot Cube Orange+ | E2: 1 | F2: ea | G2: BUY | H2: 430 | I2: =E2*H2 | J2: CubePilot / IRLock | K2: docs/06 | L2: ArduPilot; SERVO/RELAY outputs
A3: DR-AV-002 | B3: GNSS | C3: GNSS receiver w/ Galileo OSNMA | D3: Septentrio mosaic-X5 board | E3: 1 | F3: ea | G3: BUY | H3: 620 | I3: =E3*H3 | J3: Septentrio | K3: docs/06 | L3: anti-spoof authenticated nav
A4: DR-AV-003 | B4: GNSS | C4: Secondary GNSS/compass (CAN) | D4: Hex Here3+ | E4: 1 | F4: ea | G4: BUY | H4: 120 | I4: =E4*H4 | J4: CubePilot | K4: docs/06 | L4: RAIM cross-check
A5: DR-AV-004 | B5: Compute | C5: Companion compute module + carrier | D5: NVIDIA Jetson AGX Orin 32GB | E5: 1 | F5: ea | G5: BUY | H5: 1199 | I5: =E5*H5 | J5: NVIDIA / Seeed | K5: docs/06 | L5: EO/IR pipeline + defense/ ; VLM removed from loop
A6: DR-AV-005 | B6: C2 radio | C6: Long-range telemetry radio pair, 900 MHz | D6: RFD900x (pair) | E6: 1 | F6: pr | G6: BUY | H6: 200 | I6: =E6*H6 | J6: RFDesign | K6: docs/06 | L6: MAVLink2 link to GCS
A7: DR-AV-006 | B7: Camera | C7: EO/IR gimbal camera (FPV feed) | D7: Workswell/SIYI ZT6 EO+IR | E7: 1 | F7: ea | G7: BUY | H7: 950 | I7: =E7*H7 | J7: SIYI | K7: docs/07 | L7: RTSP/UDP to gcs cockpit
A8: DR-PW-001 | B8: Power | C8: 12S6P Li-ion / LiPo pack ~22 Ah | D8: Tattu 12S 22000 mAh | E8: 1 | F8: ea | G8: BUY | H8: 520 | I8: =E8*H8 | J8: Tattu / GensAce | K8: docs/01 | L8: endurance/range driver
A9: DR-PW-002 | B9: Power | C9: Power module / current sensor 200 A | D9: Mauch HS-200-HV + PowerCube | E9: 1 | F9: ea | G9: BUY | H9: 95 | I9: =E9*H9 | J9: Mauch | K9: docs/06 | L9: I2C power monitor
A10: DR-PW-003 | B10: Power | C10: 5.3 V/8 A BEC (redundant, OR-ing) | D10: Mauch 5.3V/8A BEC | E10: 2 | F10: ea | G10: BUY | H10: 28 | I10: =E10*H10 | J10: Mauch | K10: docs/06 | L10: avionics bus
A11: DR-PW-004 | B11: Power | C11: Main connectors + precharge (AS150/XT90-S) | D11: AS150 + XT90-S set | E11: 1 | F11: set | G11: BUY | H11: 22 | I11: =E11*H11 | J11: Amass | K11: docs/06 | L11: inrush limit
A12: DR-PW-005 | B12: Power | C12: Fuse set: ANL 150 A + blade 3-10 A | D12: Littelfuse ANL/ATO kit | E12: 1 | F12: kit | G12: BUY | H12: 24 | I12: =E12*H12 | J12: Littelfuse | K12: docs/06 §9 | L12: per wire/fuse sizing
H13: SUBTOTAL | I13: =SUM(I2:I12)

Sheet Drone — Net Payload
A1: ID | B1: Category | C1: Item / Description | D1: Mfr / Part No. | E1: Qty | F1: Unit | G1: Disp | H1: Unit USD | I1: Ext USD | J1: Vendor | K1: Ref | L1: Notes
A2: DR-NP-001 | B2: Net aim | C2: Digital servo 20 kg (AIM-PAN, SERVO9) | D2: Savox SB-2290SG | E2: 1 | F2: ea | G2: BUY | H2: 80 | I2: =E2*H2 | J2: Savox | K2: payload_map | L2: gimbal pan -60..+60 deg
A3: DR-NP-002 | B3: Net aim | C3: Digital servo 20 kg (AIM-TILT, SERVO10) | D3: Savox SB-2290SG | E3: 1 | F3: ea | G3: BUY | H3: 80 | I3: =E3*H3 | J3: Savox | K3: payload_map | L3: gimbal tilt 0..75 deg
A4: DR-NP-003 | B4: Net aim | C4: Pan/tilt gimbal yoke + bearing (printed/CNC) | D4: TaloNet GM-GIMBAL | E4: 1 | F4: set | G4: MAKE | H4: 35 | I4: =E4*H4 | J4: Garage 3D print | K4: cad | L4: net_launcher(); PETG-CF/alu
A5: DR-NP-004 | B5: Net aim | C5: Servo UBEC 6 V / 5 A | D5: Castle 10A BEC Pro | E5: 1 | F5: ea | G5: BUY | H5: 22 | I5: =E5*H5 | J5: Castle Creations | K5: docs/06 | L5: servo bus, isolated
A6: DR-NP-005 | B6: Cinch | C6: Brushed gearmotor 12 V (mouth cinch) | D6: Pololu 25D HP 12V | E6: 1 | F6: ea | G6: BUY | H6: 40 | I6: =E6*H6 | J6: Pololu | K6: docs/06 | L6: drawstring spool; SERVO11 driver
A7: DR-NP-006 | B7: Cinch | C7: Motor driver H-bridge w/ current sense | D7: Pololu G2 24v13 | E7: 1 | F7: ea | G7: BUY | H7: 30 | I7: =E7*H7 | J7: Pololu | K7: docs/06 | L7: cinch drive
A8: DR-NP-007 | B8: Cinch | C8: Current sensor breakout | D8: INA226 module | E8: 1 | F8: ea | G8: BUY | H8: 8 | I8: =E8*H8 | J8: Pololu/Adafruit | K8: docs/06 | L8: tension/stall threshold
A9: DR-NP-008 | B9: Cinch | C9: Drawstring spool + flanges (printed/turned) | D9: TaloNet GM-SPOOL | E9: 1 | F9: ea | G9: MAKE | H9: 12 | I9: =E9*H9 | J9: Garage 3D print | K9: cad | L9: cinch_mechanism()
A10: DR-NP-009 | B10: Winch | C10: Brushed gearmotor 12 V (hoist winch) | D10: Pololu 37D 12V | E10: 1 | F10: ea | G10: BUY | H10: 40 | I10: =E10*H10 | J10: Pololu | K10: docs/06 | L10: vertical recovery
A11: DR-NP-010 | B11: Winch | C11: Motor driver H-bridge 21 A | D11: Pololu G2 24v21 | E11: 1 | F11: ea | G11: BUY | H11: 40 | I11: =E11*H11 | J11: Pololu | K11: docs/06 | L11: winch drive
A12: DR-NP-011 | B12: Winch | C12: Load cell 5 kg + HX711 ADC | D12: TAL220 + HX711 | E12: 1 | F12: set | G12: BUY | H12: 11 | I12: =E12*H12 | J12: SparkFun | K12: docs/06 | L12: winch tension feedback
A13: DR-NP-012 | B13: Trigger | C13: CO2 launcher: solenoid valve + 16 g cartridge | D13: 12V NC CO2 solenoid | E13: 1 | F13: set | G13: BUY | H13: 35 | I13: =E13*H13 | J13: Industrial supply | K13: docs/06 | L13: RELAY0 fired
... A20: DR-NP-019 | B20: Payload IF | C20: Payload interface PCB (STM32G474) fab + assembly | D20: TaloNet GM-PAYIF rev A | E20: 1 | F20: ea | G20: OUTSOURCE | H20: 65 | I20: =E20*H20 | J20: JLCPCB/PCBWay | K20: docs/06 §10 | L20: interlock + driver carrier
H21: SUBTOTAL | I21: =SUM(I2:I20)

Sheet Forensic Appliance (ForensIQ-1)
A1: ID | B1: Category | C1: Item / Description | D1: Mfr / Part No. | E1: Qty | F1: Unit | G1: Disp | H1: Unit USD | I1: Ext USD | J1: Vendor | K1: Ref | L1: Notes
A2: FA-CP-001 | B2: Compute | C2: Raspberry Pi Compute Module 4 (4GB/32GB) | D2: Raspberry Pi CM4104032 | E2: 1 | F2: ea | G2: BUY | H2: 75 | I2: =E2*H2 | J2: PiHut / DigiKey | K2: docs/09 | L2: runs forensics/
A3: FA-CP-002 | B3: Compute | C3: CM4 carrier board (USB3, NVMe, GbE, DSI) | D3: Waveshare CM4-IO-BASE-B | E3: 1 | F3: ea | G3: BUY | H3: 45 | I3: =E3*H3 | J3: Waveshare | K3: docs/09 | L3: I/O for appliance
A4: FA-UI-001 | B4: Display | C4: 7" capacitive touchscreen, 1024x600 DSI | D4: Waveshare 7inch DSI LCD | E4: 1 | F4: ea | G4: BUY | H4: 70 | I4: =E4*H4 | J4: Waveshare | K4: docs/09 | L4: operator UI
A5: FA-WB-001 | B5: Write-block | C5: Hardware USB write-blocker (forensic) | D5: CRU WiebeTech USB WriteBlocker | E5: 1 | F5: ea | G5: BUY | H5: 350 | I5: =E5*H5 | J5: CRU Inc. | K5: docs/09 | L5: trust anchor; read-only
A6: FA-WB-002 | B6: Card I/O | C6: USB SD/microSD reader (behind blocker) | D6: Kingston MobileLite Plus | E6: 1 | F6: ea | G6: BUY | H6: 20 | I6: =E6*H6 | J6: Kingston | K6: docs/09 | L6: card intake
A7: FA-PR-001 | B7: Printer | C7: 80 mm panel-mount ESC/POS thermal printer | D7: Rongta RP05 / CSN equiv | E7: 1 | F7: ea | G7: BUY | H7: 60 | I7: =E7*H7 | J7: Rongta | K7: docs/09 | L7: report output
A8: FA-PR-002 | B8: Consumable | C8: 80 mm thermal paper roll (pack of 4) | D8: Thermal 80x50 roll x4 | E8: 1 | F8: pk | G8: BUY | H8: 12 | I8: =E8*H8 | J8: Office supply | K8: docs/10 | L8: report media
A9: FA-ST-001 | B9: Storage | C9: NVMe SSD 512 GB (working/case store) | D9: Samsung 980 512GB | E9: 1 | F9: ea | G9: BUY | H9: 50 | I9: =E9*H9 | J9: Samsung | K9: docs/09 | L9: LUKS-encrypted
A10: FA-PW-001 | B10: Power | C10: UPS HAT / DC-UPS + 18650 cells | D10: Geekworm X1200 + 2x 18650 | E10: 1 | F10: set | G10: BUY | H10: 45 | I10: =E10*H10 | J10: Geekworm | K10: docs/09 | L10: clean shutdown / field run
A11: FA-PW-002 | B11: Power | C11: AC/DC inlet + 12V PSU | D11: IEC inlet + 12V/5A PSU | E11: 1 | F11: set | G11: BUY | H11: 22 | I11: =E11*H11 | J11: Mean Well | K11: docs/09 | L11: mains
A12: FA-RT-001 | B12: Time | C12: RTC module (UTC time source) | D12: DS3231 + coin cell | E12: 1 | F12: ea | G12: BUY | H12: 6 | I12: =E12*H12 | J12: Adafruit | K12: docs/09 | L12: trusted timestamps
A13: FA-EN-001 | B13: Enclosure | C13: Rugged khaki enclosure (printed/CNC) + key-lock | D13: forensic_appliance.scad | E13: 1 | F13: ea | G13: MAKE | H13: 80 | I13: =E13*H13 | J13: Garage 3D print | K13: cad | L13: ForensIQ-1 case; tamper lock
... A16: FA-CL-001 | B16: Cooling | C16: 60 mm fan + filtered intake | D16: Noctua NF-A6x25 5V | E16: 1 | F16: ea | G16: BUY | H16: 16 | I16: =E16*H16 | J16: Noctua | K16: docs/09 | L16: thermal
H17: SUBTOTAL | I17: =SUM(I2:I16)

Sheet Fasteners, Wiring & Consumables
A1: ID | B1: Category | C1: Item / Description | D1: Mfr / Part No. | E1: Qty | F1: Unit | G1: Disp | H1: Unit USD | I1: Ext USD | J1: Vendor | K1: Ref | L1: Notes
A2: CO-WR-001 | B2: Wire | C2: Silicone wire kit 10/12/14/18/20/22 AWG | D2: BNTECHGO silicone kit | E2: 1 | F2: kit | G2: BUY | H2: 40 | I2: =E2*H2 | J2: BNTECHGO | K2: docs/06 §9 | L2: per fuse/AWG sizing
A3: CO-WR-002 | B3: Connectors | C3: XT60/XT90/JST-GH/Molex + crimp pins | D3: Amass + JST kit | E3: 1 | F3: kit | G3: BUY | H3: 35 | I3: =E3*H3 | J3: Amass / JST | K3: docs/06 | L3: looms
A4: CO-WR-003 | B4: Insulation | C4: Heat shrink + braided sleeve + Kapton | D4: Assorted shrink kit | E4: 1 | F4: kit | G4: BUY | H4: 18 | I4: =E4*H4 | J4: 3M | K4: build | L4: harness
A5: CO-FS-001 | B5: Fasteners | C5: M2/M2.5/M3 stainless socket-head + nylocs | D5: McMaster screw assortment | E5: 1 | F5: kit | G5: BUY | H5: 45 | I5: =E5*H5 | J5: McMaster-Carr | K5: build | L5: airframe + payload
A6: CO-AD-001 | B6: Adhesives | C6: Threadlocker, CA, 30-min epoxy, RTV | D6: Loctite 243 + JB Weld | E6: 1 | F6: kit | G6: BUY | H6: 30 | I6: =E6*H6 | J6: Loctite | K6: build | L6: vibration-proofing
A7: CO-3D-001 | B7: Filament | C7: PETG-CF / ASA filament (printed parts) | D7: Prusament PETG-CF 1kg | E7: 2 | F7: kg | G7: BUY | H7: 40 | I7: =E7*H7 | J7: Prusa | K7: build | L7: gimbal/spool/muzzle/enclosure
A8: CO-TH-001 | B8: Thermal | C8: Thermal pads/paste + standoffs (Jetson/CM4) | D8: Thermal kit | E8: 1 | F8: kit | G8: BUY | H8: 15 | I8: =E8*H8 | J8: Arctic | K8: build | L8: compute cooling
H9: SUBTOTAL | I9: =SUM(I2:I8)

Sheet Outsourced Fabrication
A1: ID | B1: Category | C1: Item / Description | D1: Mfr / Part No. | E1: Qty | F1: Unit | G1: Disp | H1: Unit USD | I1: Ext USD | J1: Vendor | K1: Ref | L1: Notes
A2: OS-CN-001 | B2: CNC | C2: CNC/waterjet carbon decks (2x) + alu mounts | D2: per cad STEP/STL | E2: 1 | F2: job | G2: OUTSOURCE | H2: 0 | I2: =E2*H2 | J2: Local CNC / SendCutSend | K2: cad | L2: covered in DR-AF lines; quote per drawing
A3: OS-PC-001 | B3: PCB | C3: Payload IF PCB fab + SMT assembly (STM32G474) | D3: TaloNet GM-PAYIF rev A | E3: 1 | F3: job | G3: OUTSOURCE | H3: 0 | I3: =E3*H3 | J3: JLCPCB / PCBWay | K3: docs/06 §10 | L3: covered in DR-NP-019; provide gerbers+BOM+CPL
A4: OS-AN-001 | B4: Anodize | C4: Anodize/powder-coat alu parts (khaki #86855F) | D4: finish service | E4: 1 | F4: job | G4: OUTSOURCE | H4: 60 | I4: =E4*H4 | J4: Local finisher | K4: cad | L4: signature khaki
H5: SUBTOTAL | I5: =SUM(I2:I4)

Sheet Shop Tools & Equipment
A1: ID | B1: Category | C1: Item / Description | D1: Mfr / Part No. | E1: Qty | F1: Unit | G1: Disp | H1: Unit USD | I1: Ext USD | J1: Vendor | K1: Ref | L1: Notes
A2: TL-001 | B2: Solder | C2: Soldering station + hot air rework | D2: Hakko FX-951 / 8586 | E2: 1 | F2: ea | G2: TOOL | H2: 130 | I2: =E2*H2 | J2: Hakko | K2: shop | L2: harness + payload IF
A3: TL-002 | B3: Crimp | C3: Ratchet crimpers (XT/JST/Molex/ferrule) | D3: IWISS crimp set | E3: 1 | F3: set | G3: TOOL | H3: 70 | I3: =E3*H3 | J3: IWISS | K3: shop | L3: connectors
A4: TL-003 | B4: 3D print | C4: FDM 3D printer (enclosed, CF-capable) | D4: Bambu Lab X1C / Prusa MK4 | E4: 1 | F4: ea | G4: TOOL | H4: 1200 | I4: =E4*H4 | J4: Bambu Lab | K4: shop | L4: gimbal/spool/muzzle/enclosure (CNC alt)
A5: TL-004 | B5: Measure | C5: Digital calipers + bench multimeter | D5: Mitutoyo + Fluke 117 | E5: 1 | F5: set | G5: TOOL | H5: 180 | I5: =E5*H5 | J5: Mitutoyo/Fluke | K5: shop | L5: QA
A6: TL-005 | B6: Power | C6: Bench PSU 30V/10A + LiPo charger | D6: Riden + ISDT | E6: 1 | F6: set | G6: TOOL | H6: 150 | I6: =E6*H6 | J6: Riden / ISDT | K6: shop | L6: bring-up + battery
A7: TL-006 | B7: Hand | C7: Torque drivers, hex set, helping hands, heat gun | D7: Wera + misc | E7: 1 | F7: set | G7: TOOL | H7: 120 | I7: =E7*H7 | J7: Wera | K7: shop | L7: assembly
A8: TL-007 | B8: Safety | C8: LiPo-safe bag/bunker, CO2-safe handling, fume ext. | D8: Safety kit | E8: 1 | F8: set | G8: TOOL | H8: 90 | I8: =E8*H8 | J8: misc | K8: shop | L8: battery + CO2 + solder fumes
H9: SUBTOTAL | I9: =SUM(I2:I8)

Sheet Cost Roll-up
A1: Subsystem | B1: Subtotal USD
A2: Drone — Airframe & Propulsion | B2: ='Drone — Airframe & Propulsion'!I10
A3: Drone — Avionics, Power & C2 | B3: ='Drone — Avionics, Power & C2'!I13
A4: Drone — Net Payload | B4: ='Drone — Net Payload'!I21
A5: Forensic Appliance (ForensIQ-1) | B5: ='Forensic Appliance (ForensIQ-1)'!I17
A6: Fasteners, Wiring & Consumables | B6: ='Fasteners, Wiring & Consumables'!I9
A7: Outsourced Fabrication | B7: ='Outsourced Fabrication'!I5
A8: Shop Tools & Equipment | B8: ='Shop Tools & Equipment'!I9
A9: Materials subtotal (incl. tools) | B9: =SUM(B2:B8)
A10: Contingency 15% | B10: =B9*0.15
A11: GRAND TOTAL (indicative) | B11: =B9+B10
